column_position,column_name,column_type,null,key,default,extra
1,Calendar Year,VARCHAR,YES,,,
2,Property ID,VARCHAR,YES,,,
3,Property Name,VARCHAR,YES,,,
4,Parent Property ID,VARCHAR,YES,,,
5,Parent Property Name,VARCHAR,YES,,,
6,Year Ending,VARCHAR,YES,,,
7,"NYC Borough, Block and Lot (BBL)",VARCHAR,YES,,,
8,NYC Building Identification Number (BIN),VARCHAR,YES,,,
9,Address 1,VARCHAR,YES,,,
10,City,VARCHAR,YES,,,
11,Postal Code,VARCHAR,YES,,,
12,Primary Property Type - Self Selected,VARCHAR,YES,,,
13,Primary Property Type - Portfolio Manager-Calculated,VARCHAR,YES,,,
14,National Median Reference Property Type,VARCHAR,YES,,,
15,List of All Property Use Types (GFA) (ft²),VARCHAR,YES,,,
16,Largest Property Use Type,VARCHAR,YES,,,
17,Largest Property Use Type - Gross Floor Area (ft²),VARCHAR,YES,,,
18,2nd Largest Property Use Type,VARCHAR,YES,,,
19,2nd Largest Property Use Type - Gross Floor Area (ft²),VARCHAR,YES,,,
20,3rd Largest Property Use Type,VARCHAR,YES,,,
21,3rd Largest Property Use Type - Gross Floor Area (ft²),VARCHAR,YES,,,
22,Year Built,VARCHAR,YES,,,
23,Construction Status,VARCHAR,YES,,,
24,Number of Buildings,VARCHAR,YES,,,
25,Occupancy,VARCHAR,YES,,,
26,Metered Areas (Energy),VARCHAR,YES,,,
27,Metered Areas (Water),VARCHAR,YES,,,
28,ENERGY STAR Score,VARCHAR,YES,,,
29,National Median ENERGY STAR Score,VARCHAR,YES,,,
30,Target ENERGY STAR Score,VARCHAR,YES,,,
31,Reason(s) for No Score,VARCHAR,YES,,,
32,ENERGY STAR Certification - Year(s) Certified (Score),VARCHAR,YES,,,
33,Eligible for Certification for Report PED (Y/N),VARCHAR,YES,,,
34,ENERGY STAR Certification - Last Approval Date,VARCHAR,YES,,,
35,ENERGY STAR Certification - Application Status,VARCHAR,YES,,,
36,Site EUI (kBtu/ft²),VARCHAR,YES,,,
37,Weather Normalized Site EUI (kBtu/ft²),VARCHAR,YES,,,
38,National Median Site EUI (kBtu/ft²),VARCHAR,YES,,,
39,Site Energy Use (kBtu),VARCHAR,YES,,,
40,Weather Normalized Site Energy Use (kBtu),VARCHAR,YES,,,
41,Electricity - Weather Normalized Site Electricity Use (Grid and Onsite Renewables) (kWh),VARCHAR,YES,,,
42,Electricity - Weather Normalized Site Electricity Intensity (Grid and Onsite Renewables) (kWh/ft²),VARCHAR,YES,,,
43,Percent Electricity,VARCHAR,YES,,,
44,Natural Gas - Weather Normalized Site Natural Gas Use (therms),VARCHAR,YES,,,
45,Natural Gas - Weather Normalized Site Natural Gas Intensity (therms/ft²),VARCHAR,YES,,,
46,Source EUI (kBtu/ft²),VARCHAR,YES,,,
47,Weather Normalized Source EUI (kBtu/ft²),VARCHAR,YES,,,
48,National Median Source EUI (kBtu/ft²),VARCHAR,YES,,,
49,Source Energy Use (kBtu),VARCHAR,YES,,,
50,Weather Normalized Source Energy Use (kBtu),VARCHAR,YES,,,
51,Fuel Oil #1 Use (kBtu),VARCHAR,YES,,,
52,Fuel Oil #2 Use (kBtu),VARCHAR,YES,,,
53,Fuel Oil #4 Use (kBtu),VARCHAR,YES,,,
54,Fuel Oil #5 & 6 Use (kBtu),VARCHAR,YES,,,
55,Diesel #2 Use (kBtu),VARCHAR,YES,,,
56,Propane Use (kBtu),VARCHAR,YES,,,
57,Kerosene Use (kBtu),VARCHAR,YES,,,
58,District Steam Use (kBtu),VARCHAR,YES,,,
59,District Hot Water Use (kBtu),VARCHAR,YES,,,
60,District Chilled Water Use (kBtu),VARCHAR,YES,,,
61,Natural Gas Use (kBtu),VARCHAR,YES,,,
62,Natural Gas Use (therms),VARCHAR,YES,,,
63,Electricity Use - Grid Purchase (kBtu),VARCHAR,YES,,,
64,Electricity Use - Grid Purchase (kWh),VARCHAR,YES,,,
65,Electricity Use - Grid Purchase and Generated from Onsite Renewable Systems (kWh),VARCHAR,YES,,,
66,Electricity Use - Grid Purchase and Generated from Onsite Renewable Systems (kBtu),VARCHAR,YES,,,
67,Electricity Use – Generated from Onsite Renewable Systems and Used Onsite (kWh),VARCHAR,YES,,,
68,Electricity Use – Generated from Onsite Renewable Systems and Used Onsite (kBtu),VARCHAR,YES,,,
69,Electricity Use – Generated from Onsite Renewable Systems (kWh),VARCHAR,YES,,,
70,Electricity Use – Generated from Onsite Renewable Systems and Exported (kWh),VARCHAR,YES,,,
71,Annual Maximum Demand (kW),VARCHAR,YES,,,
72,Annual Maximum Demand (MM/YYYY),VARCHAR,YES,,,
73,Annual Maximum Demand (Meter Name (Meter ID)),VARCHAR,YES,,,
74,Green Power - Onsite (kWh),VARCHAR,YES,,,
75,Green Power - Offsite (kWh),VARCHAR,YES,,,
76,Green Power - Onsite and Offsite (kWh),VARCHAR,YES,,,
77,Total (Location-Based) GHG Emissions (Metric Tons CO2e),VARCHAR,YES,,,
78,Total (Location-Based) GHG Emissions Intensity (kgCO2e/ft²),VARCHAR,YES,,,
79,Direct GHG Emissions (Metric Tons CO2e),VARCHAR,YES,,,
80,Direct GHG Emissions Intensity (kgCO2e/ft²),VARCHAR,YES,,,
81,Indirect (Location-Based) GHG Emissions (Metric Tons CO2e),VARCHAR,YES,,,
82,Indirect (Location-Based) GHG Emissions Intensity (kgCO2e/ft²),VARCHAR,YES,,,
83,Net Emissions (Metric Tons CO2e),VARCHAR,YES,,,
84,National Median Total (Location-Based) GHG Emissions (Metric Tons CO2e),VARCHAR,YES,,,
85,Avoided Emissions - Onsite Green Power (Metric Tons CO2e),VARCHAR,YES,,,
86,Avoided Emissions - Offsite Green Power (Metric Tons CO2e),VARCHAR,YES,,,
87,Avoided Emissions - Onsite and Offsite Green Power (Metric Tons CO2e),VARCHAR,YES,,,
88,Percent of Electricity that is Green Power,VARCHAR,YES,,,
89,Percent of RECs Retained,VARCHAR,YES,,,
90,Percent of Total Electricity Generated from Onsite Renewable Systems,VARCHAR,YES,,,
91,LEED US Project ID,VARCHAR,YES,,,
92,Default Values,VARCHAR,YES,,,
93,Temporary Values,VARCHAR,YES,,,
94,Estimated Values - Energy,VARCHAR,YES,,,
95,Estimated Values - Water,VARCHAR,YES,,,
96,Alert - Energy Meter has less than 12 full calendar months of data,VARCHAR,YES,,,
97,Alert - Energy Meter has gaps,VARCHAR,YES,,,
98,Alert - Energy Meter has overlaps,VARCHAR,YES,,,
99,Alert - Energy - No meters selected for metrics,VARCHAR,YES,,,
100,Alert - Energy Meter has single entry more than 65 days,VARCHAR,YES,,,
101,Alert - Property has no uses,VARCHAR,YES,,,
102,Alert - Water Meter has less than 12 full calendar months of data,VARCHAR,YES,,,
103,"Alert - Data Center Issue (with Estimates, IT Configuration, or IT Meter)",VARCHAR,YES,,,
104,Alert - Gross Floor Area is 0 ft2,VARCHAR,YES,,,
105,Estimated Data Flag - Electricity (Grid Purchase),VARCHAR,YES,,,
106,Estimated Data Flag - Natural Gas,VARCHAR,YES,,,
107,Estimated Data Flag - District Steam,VARCHAR,YES,,,
108,Estimated Data Flag - Municipally Supplied Potable Water: Mixed Indoor/Outdoor Use,VARCHAR,YES,,,
109,Estimated Data Flag - Fuel Oil (No. 1),VARCHAR,YES,,,
110,Estimated Data Flag - Fuel Oil (No. 2),VARCHAR,YES,,,
111,Estimated Data Flag - Fuel Oil (No. 4),VARCHAR,YES,,,
112,Estimated Data Flag - Fuel Oil (No. 5 and No. 6),VARCHAR,YES,,,
113,Estimated Data Flag - Diesel,VARCHAR,YES,,,
114,Estimated Data Flag - Electricity (Onsite Solar),VARCHAR,YES,,,
115,Data Center - UPS Output Meter (kWh),VARCHAR,YES,,,
116,Data Center - PDU Input Meter (kWh),VARCHAR,YES,,,
117,Data Center - PDU Output Meter (kWh),VARCHAR,YES,,,
118,Data Center - IT Equipment Input Meter (kWh),VARCHAR,YES,,,
119,Data Center - IT Site Energy (kWh),VARCHAR,YES,,,
120,Data Center - IT Source Energy (kBtu),VARCHAR,YES,,,
121,Data Center - PUE,VARCHAR,YES,,,
122,Data Center - National Median PUE,VARCHAR,YES,,,
123,Data Center - Gross Floor Area (ft²),VARCHAR,YES,,,
124,Data Center - UPS System Redundancy,VARCHAR,YES,,,
125,Data Center - IT Energy Configuration,VARCHAR,YES,,,
126,Data Center - Energy Estimates Applied,VARCHAR,YES,,,
127,Data Center - Cooling Equipment Redundancy,VARCHAR,YES,,,
128,Adult Education - Gross Floor Area (ft²),VARCHAR,YES,,,
129,Ambulatory Surgical Center - Gross Floor Area (ft²),VARCHAR,YES,,,
130,Vehicle Dealership - Gross Floor Area (ft²),VARCHAR,YES,,,
131,Bank Branch - Gross Floor Area (ft²),VARCHAR,YES,,,
132,Barracks- Gross Floor Area (ft²),VARCHAR,YES,,,
133,College/University - Gross Floor Area (ft²),VARCHAR,YES,,,
134,Convention Center - Gross Floor Area (ft²),VARCHAR,YES,,,
135,Courthouse - Gross Floor Area (ft²),VARCHAR,YES,,,
136,Distribution Center - Gross Floor Area (ft²),VARCHAR,YES,,,
137,Enclosed Mall - Gross Floor Area (ft²),VARCHAR,YES,,,
138,Energy/Power Station - Gross Floor Area (ft²),VARCHAR,YES,,,
139,Financial Office - Gross Floor Area (ft²),VARCHAR,YES,,,
140,Financial Office - Number of Computers,VARCHAR,YES,,,
141,Financial Office - Weekly Operating Hours,VARCHAR,YES,,,
142,Financial Office - Number of Workers on Main Shift,VARCHAR,YES,,,
143,Fitness Center/Health Club/Gym - Gross Floor Area (ft²),VARCHAR,YES,,,
144,Food Sales - Gross Floor Area (ft²),VARCHAR,YES,,,
145,Food Service - Gross Floor Area (ft²),VARCHAR,YES,,,
146,Hospital (General Medical & Surgical) - Full-Time Equivalent (FTE) Workers,VARCHAR,YES,,,
147,Hospital (General Medical & Surgical) - Gross Floor Area (ft²),VARCHAR,YES,,,
148,Hospital (General Medical & Surgical) - Laboratory,VARCHAR,YES,,,
149,Hospital (General Medical & Surgical) - Licensed Bed Capacity,VARCHAR,YES,,,
150,Hospital (General Medical & Surgical) - Number of MRI Machines,VARCHAR,YES,,,
151,"Hospital (General Medical & Surgical) - MRI Density (Number per 1,000 sq ft)",VARCHAR,YES,,,
152,Hospital (General Medical & Surgical) - Number of Staffed Beds,VARCHAR,YES,,,
153,"Hospital (General Medical & Surgical) - Staffed Bed Density (Number per 1,000 sq ft)",VARCHAR,YES,,,
154,"Hospital (General Medical & Surgical) - Full-Time Equivalent (FTE) Worker Density (Number per 1,000 sq ft)",VARCHAR,YES,,,
155,Hospital (General Medical & Surgical) - Percent That Can Be Cooled,VARCHAR,YES,,,
156,Hospital (General Medical & Surgical) - Percent That Can Be Heated,VARCHAR,YES,,,
157,Medical Office - Gross Floor Area (ft²),VARCHAR,YES,,,
158,Medical Office - Number of Computers,VARCHAR,YES,,,
159,Medical Office - Number of MRI Machines,VARCHAR,YES,,,
160,Medical Office - Number of Workers on Main Shift,VARCHAR,YES,,,
161,Medical Office - Percent That Can Be Cooled,VARCHAR,YES,,,
162,Medical Office - Percent That Can Be Heated,VARCHAR,YES,,,
163,Medical Office - Weekly Operating Hours,VARCHAR,YES,,,
164,Outpatient Rehabilitation/Physical Therapy - Gross Floor Area (ft²),VARCHAR,YES,,,
165,Urgent Care/Clinic/Other Outpatient - Gross Floor Area (ft²),VARCHAR,YES,,,
166,Hotel - Gross Floor Area (ft²),VARCHAR,YES,,,
167,Hotel - Gym/fitness  Center Floor Area (ft²),VARCHAR,YES,,,
168,K-12 School - Gross Floor Area (ft²),VARCHAR,YES,,,
169,Pre-school/Daycare - Gross Floor Area (ft²),VARCHAR,YES,,,
170,Laboratory - Gross Floor Area (ft²),VARCHAR,YES,,,
171,Mailing Center/Post Office - Gross Floor Area (ft²),VARCHAR,YES,,,
172,Movie Theater - Gross Floor Area (ft²),VARCHAR,YES,,,
173,Manufacturing/Industrial Plant - Gross Floor Area (ft²),VARCHAR,YES,,,
174,Multifamily Housing - Government Subsidized Housing,VARCHAR,YES,,,
175,Institutional Property? (Y/N),VARCHAR,YES,,,
176,Multifamily Housing - Gross Floor Area (ft²),VARCHAR,YES,,,
177,Multifamily Housing - Number of Bedrooms,VARCHAR,YES,,,
178,"Multifamily Housing - Number of Bedrooms Density (Number per 1,000 sq ft)",VARCHAR,YES,,,
179,Multifamily Housing - Number of Laundry Hookups in All Units,VARCHAR,YES,,,
180,Multifamily Housing - Number of Laundry Hookups in Common Area(s),VARCHAR,YES,,,
181,Multifamily Housing - Number of Residential Living Units in a High-Rise Building (10 or more Stories),VARCHAR,YES,,,
182,Multifamily Housing - Percent That Can Be Cooled,VARCHAR,YES,,,
183,Multifamily Housing - Percent That Can Be Heated,VARCHAR,YES,,,
184,Multifamily Housing - Total Number of Residential Living Units,VARCHAR,YES,,,
185,"Multifamily Housing - Total Number of Residential Living Units Density (Number per 1,000 sq ft)",VARCHAR,YES,,,
186,"Multifamily Housing - Number of Residential Living Units in a High-Rise Building Density (Number per 1,000 sq ft)",VARCHAR,YES,,,
187,Multifamily Housing - Number of Residential Living Units in a Mid-Rise Building (5-9 Stories),VARCHAR,YES,,,
188,"Multifamily Housing - Number of Residential Living Units in a Mid-Rise Building Density (Number per 1,000 sq ft)",VARCHAR,YES,,,
189,Multifamily Housing - Resident Population Type,VARCHAR,YES,,,
190,Residence Hall/Dormitory - Gross Floor Area (ft²),VARCHAR,YES,,,
191,Refrigerated Warehouse - Gross Floor Area (ft²),VARCHAR,YES,,,
192,Non-Refrigerated Warehouse - Gross Floor Area (ft²),VARCHAR,YES,,,
193,Office - Gross Floor Area (ft²),VARCHAR,YES,,,
194,Office - Number of Computers,VARCHAR,YES,,,
195,Office - Number of Workers on Main Shift,VARCHAR,YES,,,
196,Office - Percent That Can Be Cooled,VARCHAR,YES,,,
197,Office - Percent That Can Be Heated,VARCHAR,YES,,,
198,Office - Weekly Operating Hours,VARCHAR,YES,,,
199,"Office - Worker Density (Number per 1,000 sq ft)",VARCHAR,YES,,,
200,Other - Gross Floor Area (ft²),VARCHAR,YES,,,
201,Museum - Gross Floor Area (ft²),VARCHAR,YES,,,
202,Performing Arts - Gross Floor Area (ft²),VARCHAR,YES,,,
203,Parking - Gross Floor Area (ft²),VARCHAR,YES,,,
204,Parking - Open Parking Lot Size (ft²),VARCHAR,YES,,,
205,Parking - Completely Enclosed Parking Garage Size (ft²),VARCHAR,YES,,,
206,Parking - Partially Enclosed Parking Garage Size (ft²),VARCHAR,YES,,,
207,Restaurant - Gross Floor Area (ft²),VARCHAR,YES,,,
208,Restaurant - Weekly Operating Hours,VARCHAR,YES,,,
209,"Restaurant - Worker Density (Number per 1,000 sq ft)",VARCHAR,YES,,,
210,Retail Store - Gross Floor Area (ft²),VARCHAR,YES,,,
211,Retail Store - Number of Walk-in Refrigeration/Freezer Units,VARCHAR,YES,,,
212,Retail Store - Number of Open or Closed Refrigeration/Freezer Units,VARCHAR,YES,,,
213,Self-Storage Facility - Gross Floor Area (ft²),VARCHAR,YES,,,
214,Senior Living Community - Gross Floor Area (ft²),VARCHAR,YES,,,
215,"Senior Living Community - Living Unit Density (Number per 1,000 sq ft)",VARCHAR,YES,,,
216,Social/Meeting Hall - Gross Floor Area (ft²),VARCHAR,YES,,,
217,Supermarket/Grocery - Gross Floor Area (ft²),VARCHAR,YES,,,
218,Supermarket/Grocery - Number of Walk-in Refrigeration/Freezer Units,VARCHAR,YES,,,
219,Supermarket/Grocery - Number of Open or Closed Refrigeration/Freezer Units,VARCHAR,YES,,,
220,Wholesale Club/Supercenter- Gross Floor Area (ft²),VARCHAR,YES,,,
221,Wholesale Club/Supercenter- Exterior Entrance to the Public,VARCHAR,YES,,,
222,Wastewater Treatment Plant - Gross Floor Area (ft²),VARCHAR,YES,,,
223,Worship Facility - Gross Floor Area (ft²),VARCHAR,YES,,,
224,Strip Mall - Gross Floor Area (ft²),VARCHAR,YES,,,
225,Property GFA - Self-Reported (ft²),VARCHAR,YES,,,
226,Property GFA - Calculated (Buildings and Parking) (ft²),VARCHAR,YES,,,
227,Property GFA - Calculated (Buildings) (ft²),VARCHAR,YES,,,
228,Property GFA - Calculated (Parking) (ft²),VARCHAR,YES,,,
229,Property Notes,VARCHAR,YES,,,
230,Water Use (All Water Sources) (kgal),VARCHAR,YES,,,
231,Indoor Water Use (All Water Sources) (kgal),VARCHAR,YES,,,
232,Outdoor Water Use (All Water Sources) (kgal),VARCHAR,YES,,,
233,Municipally Supplied Potable Water - Mixed Indoor/Outdoor Use (kgal),VARCHAR,YES,,,
234,Municipally Supplied Potable Water - Total Use (All Meter Types) (kgal),VARCHAR,YES,,,
235,Municipally Supplied Potable Water - Indoor Use (kgal),VARCHAR,YES,,,
236,Municipally Supplied Potable Water - Outdoor Use (kgal),VARCHAR,YES,,,
237,Third Party Certification,VARCHAR,YES,,,
238,Third Party Certification Date Anticipated,VARCHAR,YES,,,
239,Third Party Certification Date Achieved,VARCHAR,YES,,,
240,Data Quality Checker Run?,VARCHAR,YES,,,
241,Data Quality Checker - Date Run,VARCHAR,YES,,,
242,Last Modified Date - Property,VARCHAR,YES,,,
243,Last Modified Date - Electric Meters,VARCHAR,YES,,,
244,Electric Distribution Utility,VARCHAR,YES,,,
245,Last Modified Date - Gas Meters,VARCHAR,YES,,,
246,Last Modified Date - Non-Electric Non-Gas Energy Meters,VARCHAR,YES,,,
247,Last Modified Date - Water Meters,VARCHAR,YES,,,
248,Last Modified Date - Property Use,VARCHAR,YES,,,
249,Last Modified Date - Property Use Details,VARCHAR,YES,,,
250,Number of Active Energy Meters - Total,VARCHAR,YES,,,
251,Number of Active Energy Meters - Used to Compute Metrics,VARCHAR,YES,,,
252,Number of Active Energy Meters - Not Used to Compute Metrics,VARCHAR,YES,,,
253,Number of Active IT Meters,VARCHAR,YES,,,
254,Aggregate Meter(s)-Electric – Number of Individual Meters Included,VARCHAR,YES,,,
255,Aggregate Meter(s)-Natural Gas – Number of Individual Meters Included,VARCHAR,YES,,,
256,Aggregate Meter(s)-District Steam – Number of Individual Meters Included,VARCHAR,YES,,,
257,Report Generation Date,VARCHAR,YES,,,
258,Report Submission Date,VARCHAR,YES,,,
259,Borough,VARCHAR,YES,,,
260,Latitude,VARCHAR,YES,,,
261,Longitude,VARCHAR,YES,,,
262,Community Board,VARCHAR,YES,,,
263,Council District,VARCHAR,YES,,,
264,Census Tract (2020),VARCHAR,YES,,,
265,Neighborhood Tabulation Area (NTA) (2020),VARCHAR,YES,,,
